email,first_name_player_1,last_name_player_1,first_name_player_2,last_name_player_2,phone_number,drink_pref_player_1,drink_pref_player_2,time_pref
jatheis0@nps.gov,Howey,Dobrowolski,Jonas,Atheis,+86 604 130 3530,Wein + Frucade,Wein + Almdudler,B
mdaborn1@icq.com,Asa,Morbey,Margarita,Daborn,+55 761 157 9026,Wein + Mineral,Wein + Cola,D
kjarman2@alexa.com,Alleyn,Malek,Krissy,Jarman,+7 749 429 9628,Bier,Wein + Mineral,F
cgration3@shareasale.com,Samantha,Bidnall,Camilla,Gration,+86 291 891 5655,Wein + Frucade,Wein + Almdudler,F
rchapiro4@aboutads.info,Blake,Lenham,Rudolf,Chapiro,+86 276 440 7729,Wein + Almdudler,Wein + Cola,F
lyardy5@blinklist.com,Madison,Riolfo,Libbey,Yardy,+387 124 184 5632,Bier,Wein + Cola,B
owoodhouse6@cocolog-nifty.com,Ruprecht,Phillpotts,Oriana,Woodhouse,+86 102 309 7823,Wein + Mineral,Wein + Almdudler,C
bwhiteley7@tumblr.com,Antonietta,Lackney,Bertram,Whiteley,+232 896 816 3166,Wein + Cola,Wein + Frucade,C
emawson8@sphinn.com,Marlena,Bestwall,Eula,Mawson,+232 329 869 5462,Bier,Wein + Almdudler,D
epauleau9@google.de,Brier,Clemmitt,Elton,Pauleau,+62 214 539 6677,Wein + Cola,Wein + Frucade,B
pkainea@constantcontact.com,Gloriana,Letchford,Pollyanna,Kaine,+86 544 786 9522,Wein + Cola,Wein + Cola,F
lheimannb@jugem.jp,Weber,Safhill,Leupold,Heimann,+254 185 512 5630,Wein + Mineral,Wein + Cola,E
amathiasenc@omniture.com,Waly,Normanvell,Anne,Mathiasen,+212 353 110 7509,Bier,Wein + Frucade,A
cureyd@ow.ly,Far,Suffield,Conrade,Urey,+86 748 885 9600,Wein + Almdudler,Wein + Almdudler,F
swylame@phpbb.com,Alden,Grewe,Shepperd,Wylam,+51 756 847 1158,Wein + Cola,Wein + Mineral,D
scuniof@ycombinator.com,Eloise,Pelling,Sammie,Cunio,+53 394 209 9300,Wein + Frucade,Wein + Cola,F
mizakoffg@sphinn.com,Daryn,Kernoghan,Mona,Izakoff,+33 239 201 8846,Wein + Mineral,Bier,F
jrubinchikh@noaa.gov,Erin,Coutthart,Jacynth,Rubinchik,+47 108 546 1710,Bier,Bier,F
jcoweyi@purevolume.com,Avictor,Frammingham,Jerad,Cowey,+86 605 498 9837,Wein + Frucade,Wein + Mineral,D
kdoudneyj@studiopress.com,Ginny,Eastham,Karina,Doudney,+27 680 298 0182,Wein + Frucade,Wein + Cola,F
mperrittk@furl.net,Shaina,Andrzejak,Marybeth,Perritt,+86 343 200 9142,Bier,Wein + Cola,D
tfranssonl@oaic.gov.au,Charmane,Meas,Tarrance,Fransson,+506 655 945 8274,Wein + Almdudler,Wein + Cola,E
mmicklewiczm@simplemachines.org,Dal,Daymond,Mandy,Micklewicz,+86 571 566 2895,Wein + Cola,Wein + Cola,F
gdaymontn@telegraph.co.uk,Ki,Cordero,Gill,Daymont,+33 511 229 2836,Wein + Frucade,Wein + Almdudler,D
ahearndeno@businesswire.com,Ave,Kantor,Aland,Hearnden,+62 267 709 6598,Wein + Mineral,Wein + Frucade,F
dmawmanp@multiply.com,Simeon,Ledekker,Davita,Mawman,+92 626 784 2920,Bier,Wein + Frucade,D
sreaq@digg.com,Rubetta,Gudge,Sly,Rea,+241 983 348 2656,Wein + Frucade,Wein + Almdudler,D
gesherwoodr@angelfire.com,Lina,Jossum,Grannie,Esherwood,+223 527 987 7754,Wein + Almdudler,Wein + Cola,F
mpetraccos@geocities.jp,Silvanus,Treadgear,Michaela,Petracco,+57 982 759 6032,Wein + Almdudler,Bier,B
jscarlant@tiny.cc,Mortimer,Avrahamof,Jocelyne,Scarlan,+7 533 379 0734,Bier,Wein + Almdudler,F
ablameyu@biblegateway.com,Mari,Kirvin,Amalea,Blamey,+963 245 193 4096,Wein + Almdudler,Wein + Mineral,E
vjoslingv@wikipedia.org,Vicky,Meneghi,Vallie,Josling,+509 572 926 8779,Wein + Mineral,Wein + Almdudler,D
dagottw@sciencedaily.com,Dannye,Kay,Dean,Agott,+856 882 515 1639,Wein + Mineral,Wein + Cola,D
hambrusx@opensource.org,Marsha,Petrasek,Helsa,Ambrus,+63 331 674 9836,Wein + Mineral,Bier,C
wbastardy@google.es,Richmound,Berens,Wildon,Bastard,+359 513 494 1169,Bier,Wein + Mineral,E
blujanz@rediff.com,Vincent,Ancketill,Bee,Lujan,+48 167 814 6137,Wein + Frucade,Bier,F
czecchinii10@jimdo.com,Rodrigo,Shepcutt,Clevey,Zecchinii,+1 911 103 9546,Wein + Almdudler,Wein + Mineral,D
bschirak11@virginia.edu,Rheta,Boshier,Bradan,Schirak,+673 467 944 5374,Wein + Cola,Wein + Cola,D
ahanwell12@histats.com,Johanna,Mutton,Alyssa,Hanwell,+62 191 193 8076,Wein + Almdudler,Bier,D
gmapam13@sciencedaily.com,Killie,Baudou,Gabbie,Mapam,+7 523 440 8354,Wein + Cola,Wein + Cola,B
fjagson14@de.vu,Natale,Hitscher,Filide,Jagson,+86 825 372 3486,Wein + Cola,Wein + Frucade,D
pbiddlestone15@who.int,Timmie,Maryman,Pietrek,Biddlestone,+1 213 562 3657,Bier,Bier,A
tpont16@wix.com,Bald,Mourge,Teri,Pont,+593 941 767 9053,Wein + Frucade,Wein + Frucade,F
edubarry17@livejournal.com,Wilona,Hutton,Eyde,Dubarry,+63 348 797 0728,Wein + Cola,Wein + Cola,D
tgouny18@psu.edu,Joelly,Comino,Terrill,Gouny,+86 966 776 4484,Wein + Frucade,Bier,A
sgipp19@ucsd.edu,Robbyn,Pocklington,Stacey,Gipp,+62 189 634 4846,Wein + Frucade,Wein + Mineral,B
sdurante1a@gravatar.com,Tatum,Retallick,Sigfried,Durante,+63 338 211 5962,Wein + Almdudler,Wein + Almdudler,D
acisneros1b@cam.ac.uk,Findlay,Sheen,Ashlan,Cisneros,+48 436 273 8967,Wein + Almdudler,Wein + Mineral,E
wpethybridge1c@ucsd.edu,Tanitansy,Corde,Woodie,Pethybridge,+242 905 721 9242,Bier,Wein + Almdudler,F
nduckfield1d@discuz.net,Paola,Basillon,Noe,Duckfield,+55 635 530 9014,Bier,Wein + Frucade,B
emerrigans1e@vkontakte.ru,Tucky,Onions,Ethan,Merrigans,+62 848 995 1113,Bier,Wein + Mineral,A
aolliver1f@ning.com,Priscella,Sullens,Ashil,Olliver,+1 609 481 1721,Wein + Mineral,Wein + Mineral,A
hattac1g@cisco.com,Zorine,MacDearmont,Halli,Attac,+86 933 986 2878,Wein + Frucade,Wein + Cola,C
cjansky1h@mtv.com,Vita,Brodway,Caprice,Jansky,+998 128 355 3432,Wein + Almdudler,Wein + Cola,B
mdowsey1i@miitbeian.gov.cn,Kerstin,Foch,Mattheus,Dowsey,+86 613 822 8303,Wein + Cola,Bier,C
bbettenson1j@yolasite.com,Lyon,Steptow,Bernhard,Bettenson,+62 303 413 4582,Wein + Almdudler,Wein + Cola,B
karnau1k@usatoday.com,Rubin,Hibling,Karen,Arnau,+86 448 425 0081,Wein + Cola,Wein + Mineral,E
dfarlane1l@jugem.jp,Aguistin,Penas,Davida,Farlane,+86 146 231 5839,Wein + Almdudler,Bier,A
awiley1m@oaic.gov.au,Joaquin,Lefley,Ave,Wiley,+57 341 434 5548,Wein + Cola,Wein + Almdudler,A
otrumble1n@istockphoto.com,Angeline,Cathersides,Ondrea,Trumble,+86 195 322 8305,Wein + Cola,Wein + Frucade,A
jwade1o@trellian.com,Innis,Blackesland,Jobi,Wade,+81 220 554 6540,Wein + Cola,Wein + Cola,E
svokes1p@seesaa.net,Cortie,Cuncarr,Scarlet,Vokes,+880 955 410 7346,Wein + Mineral,Wein + Cola,D
lmanville1q@biglobe.ne.jp,Lenora,Cole,Lonnie,Manville,+63 385 791 0130,Wein + Mineral,Wein + Cola,A
bglasper1r@issuu.com,Aksel,Curle,Blithe,Glasper,+1 212 368 9084,Wein + Frucade,Wein + Frucade,E
hcove1s@wikipedia.org,Leif,Wickens,Husein,Cove,+86 421 680 0177,Wein + Frucade,Wein + Cola,A
aweddell1t@digg.com,Brigit,Allbones,Artemas,Weddell,+86 634 386 9911,Wein + Mineral,Wein + Frucade,D
rgronw1u@smh.com.au,Lorette,Kaygill,Randal,Gronw,+63 151 755 5228,Wein + Mineral,Wein + Frucade,E
rcauser1v@comcast.net,Darbie,August,Rosalinde,Causer,+86 266 423 4957,Wein + Frucade,Wein + Almdudler,A
wsplevin1w@time.com,Jamal,McCrohon,Wang,Splevin,+86 846 402 4391,Wein + Mineral,Wein + Frucade,D
bpincott1x@narod.ru,Thorin,Dinnington,Burnaby,Pincott,+1 713 304 3135,Wein + Almdudler,Wein + Cola,A
kcossum1y@hatena.ne.jp,Sher,Bugs,Katleen,Cossum,+34 167 586 9862,Wein + Mineral,Wein + Frucade,B
ngillespey1z@wikimedia.org,Tawsha,Cristofanini,Noam,Gillespey,+7 703 220 9352,Wein + Frucade,Bier,D
epellington20@eventbrite.com,Gabe,Penas,Erl,Pellington,+81 891 124 3809,Wein + Almdudler,Wein + Frucade,A
glamzed21@cnn.com,Harri,McLanachan,Godard,Lamzed,+86 432 798 8878,Wein + Almdudler,Wein + Mineral,A
ldipietro22@github.io,Birk,Lawrey,Lura,Di Pietro,+48 919 859 6413,Bier,Wein + Cola,B
ahardwell23@ucoz.com,Ennis,Vezey,Averil,Hardwell,+48 727 205 8144,Wein + Mineral,Wein + Cola,A
sblandamere24@abc.net.au,Maxy,Jeacocke,Susanetta,Blandamere,+57 398 303 7506,Wein + Mineral,Wein + Frucade,A
ebergstram25@statcounter.com,Peria,Killock,Evaleen,Bergstram,+51 675 924 5043,Wein + Frucade,Wein + Almdudler,F
arennocks26@diigo.com,Wynn,Jandel,Asa,Rennocks,+420 423 169 6065,Wein + Cola,Wein + Cola,E
pmanley27@go.com,Christie,Rimmington,Pollyanna,Manley,+51 498 687 9916,Wein + Frucade,Wein + Frucade,A
ccathrall28@sourceforge.net,Allx,Rousell,Collie,Cathrall,+255 618 728 4250,Wein + Mineral,Wein + Frucade,A
zmenilove29@storify.com,Georgine,Bazelle,Zandra,Menilove,+98 786 218 0282,Wein + Mineral,Wein + Mineral,E
fcuxson2a@nifty.com,Grannie,Slyford,Fonz,Cuxson,+86 518 361 4901,Wein + Frucade,Wein + Almdudler,D
dfochs2b@spiegel.de,Ben,Tregunna,Dahlia,Fochs,+55 234 423 3744,Bier,Wein + Cola,B
lkener2c@china.com.cn,Brion,Carlyle,Lettie,Kener,+351 374 751 3579,Bier,Wein + Cola,E
msherrum2d@tripod.com,Sapphira,Chatres,Mignon,Sherrum,+81 273 851 3594,Wein + Almdudler,Wein + Almdudler,D
tertel2e@dmoz.org,Sigmund,Kerwen,Tommie,Ertel,+353 794 901 1264,Bier,Wein + Mineral,C
lrawdall2f@macromedia.com,Yorgos,Lavalde,Langston,Rawdall,+86 364 701 1062,Wein + Cola,Bier,F
tdensie2g@symantec.com,Katee,Edmondson,Thedrick,Densie,+1 318 815 9561,Wein + Frucade,Wein + Frucade,B
hespinal2h@ocn.ne.jp,Katina,Delafoy,Hugibert,Espinal,+86 299 979 4508,Wein + Frucade,Bier,F
mpamphilon2i@ocn.ne.jp,Emelda,Timby,Maryanne,Pamphilon,+1 972 188 0631,Bier,Wein + Cola,C
bflorentine2j@digg.com,Del,Coulton,Bryant,Florentine,+86 772 576 9548,Wein + Cola,Wein + Mineral,D
rcreeboe2k@dedecms.com,Hercule,Padgham,Rozina,Creeboe,+55 192 172 2470,Wein + Frucade,Bier,B
edevlin2l@eepurl.com,Olga,Peare,Erma,Devlin,+30 423 288 2294,Wein + Almdudler,Wein + Mineral,B
gscurman2m@hugedomains.com,Riobard,Filson,Gray,Scurman,+86 937 367 2915,Wein + Almdudler,Wein + Frucade,B
ljensen2n@wix.com,Isa,Buddleigh,Lorry,Jensen,+63 138 201 8509,Wein + Almdudler,Wein + Frucade,D
pkleinholz2o@va.gov,Ferdie,O'Neary,Perle,Kleinholz,+86 491 613 1408,Wein + Cola,Wein + Cola,E
fswadling2p@lycos.com,Cly,Constanza,Forrest,Swadling,+86 243 698 3204,Wein + Mineral,Wein + Frucade,A
mborgnol2q@go.com,Davin,Lyttle,Mal,Borgnol,+504 637 456 7498,Wein + Cola,Wein + Almdudler,D
mlambertazzi2r@youtu.be,Sloane,Jacketts,Merrielle,Lambertazzi,+86 485 634 7841,Wein + Almdudler,Bier,F
